{"camera_matrix": [[490.8807364600684, 0.0, 329.95987174555574], [0.0, 490.0979977881446, 242.2377567814656], [0.0, 0.0, 1.0]], "dist_coeff": [[0.20761486703912577, -0.4369120683091855, 0.004690490249115268, 0.006070541121290447, 0.3117318540194468]]}